neighborhood,pop_2015,pop_2016,pop_2017,pop_2018,pop_2019,pop_2020,pop_2021,pop_2022,pop_2023,pop_2024
Bombo Town Council,11129.063955053687,11488.213573887944,11915.318772599101,12333.721765220165,12739.232162609696,13146.251655485481,13541.57702717185,13950.95173996687,14313.836753483862,14678.795417010784
Buikwe,24175.35968361795,24941.91331508942,25845.28752283193,26748.260324250907,27662.50014153309,28631.556157093495,29582.54704598151,30554.48552789353,31445.559494279325,32349.127741146833
Buikwe Town Council,16126.445398077369,16641.676605402492,17251.70860833116,17852.426825277507,18466.795523827896,19095.516202511266,19726.0557593666,20369.14258763008,20959.89687166363,21554.10203865543
Bunamwaya Division,70475.11510387063,72702.32161769271,75355.07368761301,77946.85147857666,80457.52980458736,83139.80121339113,85734.97992948443,88331.43451653421,90652.2571181953,93014.65184572339
Busukuma Division,78642.20111626387,81117.78468212765,84046.18991319649,87052.9640114829,90232.88175174221,93586.16079235915,96983.53105653264,100488.46363586746,103725.38197471015,107089.42219419405
Busunju Town Council,6776.302307650447,6993.560462713242,7246.803474955261,7496.3822570592165,7745.89344214648,8021.74918246083,8283.07316481322,8547.77268795669,8796.152288931422,9040.841154003516
Bweyogerere Division,99236.36129967868,102347.04322196543,106062.96230559051,109688.84371741116,113217.63707454503,116990.46702038497,120580.46040729806,124273.62202487141,127538.78393086046,130916.49408762902
Central Division,218273.5320724547,225178.09365207702,233308.16232267022,241524.91087777168,249696.59321667068,258449.71985385288,266897.5827503223,275485.3196323365,283259.70391717926,291097.9352920186
Division A,64335.538369096816,66313.68912956119,68619.73184509575,70925.20660060644,73115.9071174562,75470.11112328246,77685.18572963029,79880.65716326982,81882.60238592327,83868.82368702441
Division B,40153.86531030387,41345.75023728609,42737.099301055074,44151.0023521781,45520.594223976135,46991.670823713765,48396.61856531352,49788.11456760764,51065.18360357359,52332.96877013892
Goma Division,114661.9890262112,118379.407541994,122836.94042992592,127350.02501642983,131873.8026903486,136750.22160516866,141457.22959623113,146358.49255383387,150762.29642453045,155207.25386973936
Gombe Division,157956.39155752957,162971.68875282165,168951.99210213125,175166.65077801608,181713.88228235953,188704.34700812958,195656.55279054493,202833.32327636238,209493.383812787,216210.3462429624
Kajjansi Town Council,251416.1145574674,259211.13366583362,268345.26674750075,277716.157558769,287195.5393316727,297312.2378409114,307186.86639043316,317141.90549742803,326416.976200765,335620.9209077507
Kakiri,82172.00008496642,84691.06913080718,87618.03364288434,90629.09857456572,93824.59944162145,97176.82531022839,100615.69108277373,104122.3202570118,107453.37705778144,110850.37264172453
Kakiri Town Council,31883.19503221661,32857.73630885687,33995.02937057987,35160.73180446215,36404.70486323722,37693.13472826034,38969.39867866412,40266.51309614256,41483.70854898915,42706.793083393946
Kalagala,46012.9715789333,47476.3990037879,49186.732682690956,50901.89692775905,52629.174283856526,54468.16125494521,56271.57365205325,58099.64659661241,59769.089560091496,61450.863397830166
Kalamba,19226.9082743451,19830.718893988058,20536.48265390098,21254.677961608395,21974.885010555387,22738.61791875586,23479.62394687347,24229.90372598078,24919.785394566134,25620.025295165367
Kapeeka,21778.116203077137,22477.06708541233,23321.86744381953,24195.599839403294,25082.05416358635,26029.87444399949,26962.72069520969,27925.509107674472,28803.944384999573,29687.775649989955
Kasangati Town Council,290905.09200392663,300347.386996299,311434.817342028,322561.09964527935,333982.92538193613,346005.4859129861,357717.376311522,369816.4071780294,380774.73467215896,391782.410749767
Kasanje,82991.67897495627,85469.23958344012,88307.33973610215,91237.9917520266,94282.53142920882,97509.16314126365,100737.02906367462,104007.12551984936,107060.13366046548,110131.94897883572
Katabi  Town Council,177687.17607869953,183092.27830473334,189547.78216593433,196146.62957364134,202604.16807527095,209639.71044642013,216304.88851490524,222982.83335635252,229082.9749246668,235176.32456326112
Kawempe Division,244302.51085090637,252106.15384292603,261307.67476272583,270599.2950630188,280092.47355651855,289866.29806900024,299395.7378768921,309222.38646125793,318089.44250679016,327049.9246635437
Kawolo Division,42220.27040809393,43528.68968922645,45085.334447648376,46647.527781199664,48227.894091045484,49901.68388855737,51535.79930157401,53205.012041857466,54726.10415939987,56264.8573496202
Kikandwa,28077.186483167112,28962.966010687873,30014.77362809237,31082.065764063038,32165.58338496834,33324.722144107334,34455.98440733086,35613.383395130746,36669.89502493478,37742.65574004175
Kimenyedde,30052.54584120959,30985.42628982477,32076.590070010163,33164.46781470813,34264.028981240466,35398.67030131165,36522.004987533204,37659.18124590069,38682.12017117813,39715.68588582892
Kira Division,131951.80634393543,136310.85380969942,141474.25187839568,146718.86272940785,151997.52068060637,157685.78975685313,163121.83734654635,168750.94010873884,173821.81184330583,178940.18531561643
Kiringente,25573.27821087092,26384.91176878661,27344.751529984176,28327.64051712863,29309.115069194697,30345.92630266864,31365.447129555047,32416.157257076353,33372.30412187893,34337.363107702695
Kyampisi,56953.45039219409,58757.40979053825,60905.587680635974,63072.38231581729,65323.158710048534,67699.09409148246,70059.5541186966,72505.04152483959,74761.27000770997,77024.79044801183
Kyengera Town Council,339738.81680383533,350544.80724957585,363170.92490558326,375920.41177578084,388795.0431921836,402139.1394772222,415222.8124514241,428413.54403441027,440484.61710513383,452606.9868259784
Makindye Division,356039.4748583287,367074.102366738,380145.133542113,393365.6247081086,406506.8836506568,420572.27369610965,434160.3580317944,448011.3017095141,460660.37898395956,473427.20795030147
Makulubita,42124.816890105605,43430.17528939154,44939.25639432762,46449.63384745736,47967.941463178024,49577.40588769689,51182.648355657235,52815.09657498356,54309.345900670625,55823.875892171636
Masajja Division,132959.13413891196,137117.57923150808,142142.98364632577,147121.95866400003,151955.06171714514,156983.74235004187,161873.6619435381,166847.8731888421,171254.8292296566,175753.89199478552
Masese Walukuba,6306.914487801492,6511.558952711523,6746.721101082861,6998.692697651684,7244.577746145427,7502.852107532322,7745.606491066515,7986.664275147021,8205.233610637486,8421.808948032558
Masuliita,25078.353013552725,25828.028610493988,26702.637509243563,27590.616263927892,28538.371425163,29540.0950432159,30561.189676377922,31600.741879232228,32550.09991875291,33523.773671049625
Masulita Town Council,30737.58443426341,31662.272300044075,32759.46760467626,33869.16015862301,35038.321500634775,36263.90574239567,37506.925091557205,38775.433619512245,39939.44244951196,41126.06877593137
Mende,62242.52020651847,64181.58259572089,66539.10819636658,68930.38566132821,71480.10807602853,74183.01306545176,76976.67161068134,79850.18574463576,82521.59900690056,85254.73672934063
Mpatta,13721.507997948676,14150.03777506575,14642.120004937053,15144.05331290327,15628.860309521202,16153.187807431445,16662.816904788837,17162.526410878636,17619.885732992552,18084.277294252068
Mpigi Town Council,39529.76516931504,40771.11061911704,42239.38157149963,43724.20405641571,45210.84211863205,46762.862840237096,48288.51587171387,49855.09866825584,51268.60653256532,52708.92514574714
Mpumudde Division,42029.946025937796,43375.14832533151,44948.26946379244,46535.866912290454,48111.451188482344,49772.60405938793,51357.19603520073,52957.969390470535,54403.27444367856,55864.72265893966
Mpunge,11304.33555899188,11658.919574260712,12060.330548260361,12474.208442599513,12883.244940317003,13321.844985521864,13746.228896219749,14162.889008517377,14547.72865548078,14933.337491065264
Muduuma,34030.60156349838,35112.84045649227,36394.90348669421,37686.05545091722,38993.288027952425,40398.662073944695,41794.44617287628,43236.77698496729,44576.12261258531,45929.16105636116
Nabbaale,43548.3620634228,44904.33768501319,46496.36538622994,48097.185419240035,49725.427444987,51408.48394933902,53062.505460084416,54748.34947918262,56281.67300650664,57824.62298280746
Nabweru Division,120367.48706845939,124246.46495576948,128880.39444981515,133464.3084615767,137934.34838286042,142613.55369463563,147289.48414015025,152021.07022868097,156216.87483805418,160559.4373685941
Nagojje,32348.779739119112,33339.669886677526,34499.98794525862,35661.36862900108,36826.185108283535,38044.47052695975,39230.876824798994,40409.4844269976,41475.35074003227,42559.284558149055
Najjembe Division,32234.050437122583,33240.673941281624,34436.468803817406,35621.18495793268,36832.263168176636,38105.422647699714,39365.16888990812,40652.30567720812,41832.20866822824,43034.03461793903
Nakawa Division,372272.85391685367,383997.253017053,397775.89342316985,411535.38425923884,425391.040312957,440149.5538951531,454574.94437497854,469201.26839002967,482624.3253549151,496231.09669846296
Nakisunga,65177.396038874984,67205.43939099275,69624.66158643924,72073.29344597925,74549.23903560918,77154.39430030063,79733.02900054492,82323.69719989225,84729.29526904598,87172.08238612115
Nama,63726.43274059147,65745.81132277101,68126.74034616444,70535.80205952562,72965.801071289,75546.82747722417,78069.57379864529,80645.54697147012,83017.60795673542,85418.38962674327
Namayumba,33724.80538407713,34722.91555430461,35883.818311860785,37061.53699217923,38307.468743101694,39630.30915619433,40974.010360634886,42321.126324780285,43542.337230360135,44809.12812239118
Namayumba Town Council,33430.92912466824,34416.201805152,35603.002618988976,36796.470635999925,38069.7876526434,39422.59289652668,40817.728369984776,42242.07817136869,43587.35291134752,44957.389877790585
Namugongo Division,137633.56571880728,142055.46258754283,147217.08008576185,152262.54729689658,157076.13324056566,162419.12830180302,167347.67117085308,172438.90434791148,177032.26135587692,181608.85127910227
Nansana Division,114353.19792740047,118007.83929680288,122354.46131075919,126606.78006619215,130727.6644115597,134992.85736481845,139145.3893469423,143345.66810688376,147088.19637978077,150871.81445476413
Ndejje Division,133473.18577834964,137612.15418567508,142536.84477248043,147483.88750790805,152233.17250666767,157274.40269662812,162080.03002671152,166954.24252146482,171329.79721414298,175765.68338303268
Njeru Division,57588.023194894195,59436.148973196745,61668.672814287245,63901.633008418605,66159.85969915986,68500.58702006377,70791.45486877114,73139.51015330851,75249.85861093923,77400.11285490729
Nkokonjeru Town Council,9282.131016016006,9581.8979484085,9940.112322444096,10296.09711955674,10664.678922953084,11063.108480915427,11446.46247984469,11843.046151589602,12208.664175251499,12576.755560772493
Ntenjeru,36128.67145041004,37238.92174164113,38541.90481688175,39868.326076026075,41191.07122416934,42600.27480953559,43978.56725909654,45363.26152210217,46641.297221470624,47931.171408155
Ntunda,13469.18387862295,13885.529114105739,14370.105511952192,14855.151850381866,15335.325472076423,15836.177873101085,16333.38219403103,16831.04805146251,17277.49130791519,17734.903703358024
Nyenga Division,48153.468713507056,49659.44633211475,51409.41315177083,53180.18216751772,54947.90708601475,56812.497967102565,58629.20656188298,60461.46647517383,62148.9199018036,63843.67514463491
Nyimbwa,40849.88195724785,42124.12138005067,43622.55165085662,45150.84512074292,46686.55727312155,48288.32611374464,49869.311602400616,51471.44692026824,52949.51227406226,54429.8577531483
Rubaga Division,312244.9486065507,322143.16209483147,333886.33876165,345694.45105364174,357602.85119201615,370155.2614023648,382503.94560772926,395054.9180668965,406443.62370461226,417936.31341411173
Semuto,26623.32840512693,27489.41385817621,28507.147870838642,29535.350765401497,30567.515062264167,31664.99030160159,32734.824833546765,33834.35316235293,34826.41345172748,35833.009128946345
Semuto Town Council,5162.9394838660955,5330.64567976445,5531.73837239109,5734.805372687988,5943.426778653637,6165.92362033762,6385.776175668463,6614.121926319785,6823.760121280327,7035.23231524881
Wakisi Division,35358.178282015026,36496.3994626319,37817.18743074499,39173.235031644814,40529.203104152344,41973.994454844855,43398.09818101581,44845.204133429565,46157.798128671944,47479.536855396815
Wakiso,256744.64609101415,264921.98081959784,274644.5880464837,284466.79515676014,294476.06402457505,304888.50011418946,315159.9655789733,325672.41981860995,335198.0847652629,344905.12522326596
Wakiso Town Council,92104.09277819842,95072.11120314896,98574.79620515555,102051.09491702914,105591.38525279984,109277.07172898948,112892.80924709514,116600.96315540373,119955.59793059528,123353.75931887142
