neighborhood,pop_2000,pop_2001,pop_2002,pop_2003,pop_2004,pop_2005,pop_2006,pop_2007,pop_2008,pop_2009,pop_2010,pop_2011,pop_2012,pop_2013,pop_2014,pop_2015,pop_2016,pop_2017,pop_2018,pop_2019,pop_2020
Bombo Town Council,16902.621637821198,17308.430315971375,17753.481951713562,18175.524587869644,18841.533012390137,19285.928930282593,19711.96343922615,20162.936509609222,20771.596527576447,21293.611495494843,21724.67231631279,22323.776834487915,22862.893092870712,23405.71643137932,23993.74759912491,24576.888225078583,25157.64922761917,25711.54532647133,26330.178772687912,27002.70431661606,27667.357665538788
Buikwe,13026.510100245476,13559.003198325634,13837.279310166836,14144.784376621246,14433.956013262272,14702.156059980392,15007.452240943909,15357.25708758831,15671.59487658739,16014.695574223995,16318.689793229103,16646.49935209751,17011.296773850918,17409.3748062253,17810.492597579956,18167.29952788353,18518.809195280075,18909.465555787086,19299.181719064713,19709.95102727413,20114.557072520256
Buikwe Town Council,12265.622959434986,12588.842857599258,12867.016318261623,13164.453089654446,13395.551584482193,13776.824939966202,14083.670408964157,14343.062321424484,14637.00052022934,14922.552120566368,15175.57526564598,15570.832088947296,15932.201226830482,16291.072741150856,16603.2236443758,16980.69743013382,17246.526764512062,17582.712831497192,17969.674429535866,18312.20571887493,18710.100732326508
Bunamwaya Division,29869.013912200928,31096.53421163559,32024.303878307343,32903.23785972595,35182.22239971161,37509.24353694916,39268.64521884918,41576.43535423279,44875.6245470047,47124.17331123352,51445.43748950958,53384.3750371933,56939.09627914429,61496.818437576294,63656.39021110535,69012.99728393555,73467.59179878235,77786.21120262146,83186.30257225037,87837.95145988464,92480.84032058716
Busukuma Division,15867.8882650733,16997.752811849117,18185.093519449234,19428.744610011578,20670.388831615448,22153.299167990685,23756.3118891716,25264.67009204626,27002.245816886425,28882.59448438883,30644.50221258402,32838.822270452976,34951.6833037138,37153.952647566795,39773.407202005386,42326.263639211655,45259.37272489071,48235.04859983921,51566.35616338253,55049.13656938076,58765.542040228844
Busunju Town Council,9062.402011215687,10029.955102324486,10599.728982329369,10604.445824086666,10553.435164093971,10824.325385332108,10847.676919102669,10607.93086862564,10413.652663350105,10411.821414709091,10373.429967164993,10574.520476996899,11211.677530109882,11281.49901932478,11676.576692938805,11875.778116464615,12257.53574681282,12425.763097405434,12732.819347023964,12666.783635258675,13259.59650361538
Bweyogerere Division,40016.82402050495,41645.77876532078,45152.01013433933,48056.658331632614,52658.22370123863,55642.65226781368,59159.57817542553,63671.33348727226,66872.21429669857,71736.34192276001,74967.07170450687,80034.00027751923,84330.43644726276,88985.84518778324,94404.75878596306,100103.64673137665,107617.90773487091,112947.17667782307,120893.16115665436,129519.36969935894,136968.34827506542
Central Division,162794.2430215478,166440.3423805833,170016.32548373938,173670.81616681814,177189.3743594885,181142.90988206863,184845.99296808243,188776.26437687874,192758.87066453695,196984.61617803574,201423.72617578506,206430.8350764513,210929.34611660242,215945.09401845932,220304.79090237617,225511.18078774214,230480.0559270382,235246.73707008362,240487.87741416693,245767.61208170652,251129.77579593658
Division A,15330.288395524025,16409.813533306122,17539.632432937622,18854.245359182358,20071.1079287529,21486.75526702404,22908.172271609306,24431.77683544159,26049.752360105515,27813.921233177185,29726.743216514587,31781.74817633629,34074.7247569561,36331.08406662941,38589.49627614021,41207.94579529762,44073.307176589966,47017.29591536522,50209.04981970787,53642.5713198185,57168.1532292366
Division B,12725.408803641796,13547.610501676798,14449.946188598871,15377.886970937252,16477.45584577322,17540.067050606012,18771.9396995306,20081.501377761364,21499.15268549323,22934.776783049107,24451.626073360443,26084.22457331419,27763.98278683424,29698.130159318447,31850.92502504587,34055.90786784887,36306.41501778364,38784.37510961294,41381.34702980518,44165.15241116285,47239.168989896774
Goma Division,63381.20962238312,65328.55646383762,67156.84627312422,69545.21944540739,71742.69703483582,73888.7766906619,76237.8593004942,78507.87710613012,80885.02124351263,83492.84998118877,86122.86150431633,88842.58138269186,91626.29948437214,94620.6088732481,97836.63679713011,100832.27312350273,104120.2895899415,107304.01904827356,110867.81628322601,114152.02913659811,117828.0053614974
Gombe Division,29512.446722716093,31524.792236477137,33673.12800723314,35924.01437544823,38404.19245618582,41074.54548358917,43869.322294831276,46931.20121693611,50053.4087344408,53465.515663444996,57162.27079731226,60960.27648538351,65156.31233280897,69548.88992702961,74208.96494162083,79304.34587478638,84791.17643237114,90483.27834689617,96602.04127645493,103230.63827914,110203.47781157494
Kajjansi Town Council,38343.203937739134,40927.12535730004,43700.37430921197,46626.6193048656,49757.366516292095,53160.8782967031,56559.819112986326,60271.759081572294,64257.564909935,68712.61558130383,73284.43343740702,78130.77517959476,83392.53727978468,89059.18884152174,95062.59641820192,101480.81432318687,108191.09552931786,115552.73416435719,123352.32044923306,131689.24730229378,140618.92043042183
Kakiri,15966.266309022903,17127.558050125837,18231.12359201908,19451.854359030724,20733.161420166492,22226.04929947853,23698.127865731716,25295.182846724987,27038.673363119364,28923.87272119522,30875.272587299347,32993.85129478574,35354.05464363098,37388.05734282732,39821.19442546368,42547.492336153984,45492.05759358406,48543.96648609638,51817.525989472866,55366.449499964714,59141.09288221598
Kakiri Town Council,7675.355418235064,8153.988889068365,8772.823112100363,9373.77619189024,10033.638397753239,10640.115482211113,11381.707251548767,12114.682117402554,12935.730397224426,13788.351601839066,14741.249330163002,15727.679685235023,16739.85141634941,18056.4614610672,19306.553703188896,20569.515421628952,21956.803794264793,23428.140567064285,25000.258877038956,26634.90740084648,28397.663851976395
Kalagala,30688.881932258606,31884.64488250017,32678.902221679688,33477.96777868271,34364.16799688339,35337.31930094957,36256.28489238024,37170.72404414415,38080.57952082157,38999.12633138895,40028.460272967815,40956.93098992109,42059.455527186394,43223.42849355936,44292.95184749365,45468.98274254799,46663.209167063236,47766.084114432335,48993.141177654266,50258.64830482006,51520.95258682966
Kalamba,16002.776218861341,16926.179731965065,17123.1971616745,17284.833595752716,17519.50826790929,17759.050988405943,17998.539963424206,18228.326012283564,18474.432943314314,18668.273582726717,18875.920593947172,19123.029201745987,19383.138098448515,19627.999586701393,19849.31129515171,20081.339208960533,20289.33998900652,20595.291929006577,20864.149178504944,21131.393064916134,21394.42746424675
Kapeeka,17431.497678130865,18091.860957190394,18620.01605308056,19186.608265399933,19756.14582619071,20335.264961123466,20945.12880344689,21616.830503821373,22292.98150396347,22959.38169592619,23672.745421618223,24394.177189528942,25119.23501060903,25886.868153899908,26729.667529404163,27480.221553444862,28344.50911320746,29220.448797374964,30111.160580843687,31030.344820559025,31987.707040131092
Kasangati Town Council,62813.42184698582,66781.86096918583,71165.17655199766,75707.70197325945,80766.72906851768,85878.85891073942,91247.80055624247,96981.90422070026,103729.75043094158,110232.63522696495,117667.8835529089,126003.63498055935,134486.63502323627,144433.00817847252,154128.44193792343,164285.0457571745,174707.43817591667,186955.13599073887,199160.2612081766,212274.56386995316,226609.07285404205
Kasanje,12105.36452549696,13036.158216521144,13895.166252553463,14806.532694876194,15799.81786492467,16871.007590278983,18048.91057434678,19257.850680708885,20567.889565885067,21934.30441698432,23400.076769798994,24979.91359615326,26646.703376233578,28460.875494390726,30427.98872756958,32483.050222039223,34640.66495960951,36992.487635701895,39536.396438896656,42171.98177117109,45052.33891773224
Katabi  Town Council,40008.63796046376,42730.49774286151,45572.09836345911,48704.866839289665,52000.98044461012,55533.411851495504,59399.749664872885,63464.61280936003,67846.9339531064,72411.88166415691,77380.8531113267,82739.97470575571,88262.83976393938,94255.99885928631,100853.7413572073,107634.88499385118,114990.99219888449,122877.13463145494,131370.5026986599,140292.5665103197,149956.511174798
Kawempe Division,228529.5918416977,234043.4716758728,239207.7846364975,244138.4801492691,248750.30514907837,253398.74053573608,258696.19838905334,264603.2044067383,270171.7254867554,275389.6656150818,281183.341632843,287141.4795780182,293440.2958755493,298925.51372146606,304835.0820350647,311356.01518058777,318103.78742980957,324523.9328842163,331141.51066970825,338934.0527076721,345766.5640525818
Kawolo Division,29994.423750519753,30601.07713109255,31213.496641993523,31907.06616139412,32459.959061324596,33144.789725899696,33817.91139674187,34363.55767583847,35154.490122139454,36037.89035522938,36813.656708180904,37439.18623137474,38224.176022052765,38981.1663248539,39788.22346043587,40616.97674936056,41332.17506176233,42233.08058488369,43224.23135089874,44087.568427443504,45015.13607639074
Kikandwa,22606.44863140583,23868.14268657565,24314.987899690866,24659.033162891865,25093.73726773262,25548.85345160961,25981.620895147324,26387.8549913764,26888.839455664158,27337.08477270603,27854.12738341093,28346.53535848856,28850.686060369015,29348.952461898327,29718.093927025795,30287.844298392534,30763.09042197466,31319.309963196516,31914.627704769373,32497.14559108019,33058.104325294495
Kimenyedde,22873.654766470194,23483.844810396433,24233.96351915598,24978.436782479286,25771.36551308632,26561.9083648324,27285.43404790759,28325.21417438984,29100.735565900803,30035.5377599895,30884.1369227767,31788.04036152363,32797.00407770276,33749.43943566084,34724.692509293556,35725.47430551052,36809.72091412544,37883.211576879025,38962.387478888035,40133.17428833246,41305.05793172121
Kira Division,39248.42363715172,42181.204228401184,44519.263995051384,45277.674275517464,46250.22966706753,49538.992403030396,54236.54093563557,56991.32320523262,62440.283725976944,69789.14520275593,76901.12691867352,82504.79291701317,89117.52181375027,98025.35919499397,106789.13561701775,115034.18695521355,120637.13780856133,131545.8947634697,142524.34687399864,149867.3741695881,164470.20380330086
Kiringente,15842.097983270884,16205.421948254108,16572.254301786423,17026.337199896574,17466.67900672555,17830.402379631996,18266.93533757329,18725.321241259575,19133.87426817417,19729.94355094433,20248.048577606678,20783.883902728558,21318.057692348957,21706.096884787083,22231.165473222733,22824.855765998363,23442.333341360092,24028.78957861662,24636.984173297882,25280.73621457815,25919.738373935223
Kyampisi,29928.929116129875,30719.26121598482,31606.637966811657,32389.771760225296,33333.66917896271,34346.08003503084,35298.107528328896,36605.226375579834,37666.136962890625,38784.43747317791,39913.387957036495,41096.612022697926,42323.593732357025,43544.37701612711,44810.31513392925,46176.57231485844,47500.36954510212,48969.32053565979,50457.61618518829,51902.26555740833,53487.459094285965
Kyengera Town Council,85055.76156398654,90078.49485248327,95819.31558001041,101802.2464826107,108557.8942605257,115585.2794675827,123565.698569417,131576.31375980377,140491.89282375574,149651.45068973303,159756.0542268157,170095.30390578508,181296.4932039976,193745.08476126194,206645.99210047722,220315.78049385548,234689.59739649296,250611.53402793407,268055.20837807655,285762.4805954695,305149.89756572247
Makindye Division,291179.3574228287,297017.7361047268,303092.30969023705,308974.71935009956,315175.84763383865,321308.5859968662,327730.74694657326,334566.22208046913,341170.5664803982,348432.937721014,355038.9955763817,362403.3270075321,369798.7820827961,377329.58155584335,385021.83628201485,392864.7774977684,400575.674118042,408945.45566034317,416776.22467827797,425622.33329820633,433782.5346727371
Makulubita,22984.330169260502,24045.365851521492,24602.89856684208,25169.92317968607,25776.2002299428,26474.036200881004,27125.33871549368,27791.0001501441,28459.004382431507,29175.0706448555,29815.862963676453,30600.145017147064,31411.541651546955,32222.64373779297,32978.501916110516,33835.966481626034,34764.10258591175,35602.37187278271,36522.01334089041,37465.0434615016,38323.16397821903
Masajja Division,46386.8725464344,49883.64697980881,54087.511538505554,57746.3609495163,60701.10551571846,64731.308589696884,69235.1203277111,73146.30207848549,77688.38453817368,83089.59249067307,88802.744535923,93642.60541677475,99296.62493181229,107612.2079281807,115407.12131166458,121219.95346069336,128496.52225971222,139417.27901029587,148799.83167648315,157874.5833592415,170806.44162511826
Masese Walukuba,12170.406439781189,12199.506529808044,12498.560273170471,12611.915614128113,12932.647852897644,13108.239735603333,13272.373788833618,13651.07710647583,13915.907836914063,14175.063479423523,14347.176906585693,14212.862132072449,14226.954852104187,14175.076958656311,14506.6697473526,14604.706889152527,14781.384726524353,14989.811693191528,15373.974660873413,15446.291482925415,15864.330087661743
Masuliita,4074.2952781915665,4344.251120090485,4614.084526121616,4919.514667332172,5266.448254317045,5619.343911468983,6006.875902444124,6423.106765061617,6839.165519744158,7298.990224540234,7787.572818636894,8333.209918022156,8906.774282753468,9483.231846094131,10120.799849331379,10832.133699893951,11564.429806888103,12344.72581243515,13191.359612464905,14061.040304780006,15030.851530730724
Masulita Town Council,5732.38506641984,6115.759712249041,6606.09176492691,7071.893438339233,7538.522497713566,8052.98034119606,8613.831460952759,9210.070255100727,9818.465698361397,10495.903700530529,11206.435716152191,11958.511836767197,12758.308318555355,13646.486842155457,14598.832838714123,15593.446602225304,16671.10535544157,17813.013335347176,18994.930995881557,20315.30445998907,21698.605697631836
Mende,11014.644680052996,11776.117064744234,12542.675371706486,13403.597036659718,14197.848774075508,15163.757911086082,16199.799490988255,17268.566420793533,18513.57600003481,19721.530892193317,21048.98852980137,22495.40132021904,23954.396115601063,25654.240235984325,27486.248093008995,29401.049233675003,31327.71887677908,33496.41531789303,35930.334246754646,38471.85768413544,41082.346958100796
Mpatta,11666.805770993233,12024.428055524826,12369.575577527285,12749.280222833157,13117.163702964783,13498.424574375153,13875.920262098312,14268.498265832663,14708.205921709538,15135.021603941917,15578.196495652199,16056.502605021,16576.525467664003,16939.601156681776,17485.676974236965,18012.52315247059,18525.452472627163,19061.40510702133,19639.6450176239,20213.019102215767,20805.393418729305
Mpigi Town Council,31733.20570191741,32778.676108792424,33614.3642501086,34410.52703207731,35271.67815923691,36140.36761948466,36994.44185325503,37867.561719596386,38828.2119846642,39725.59579753876,40738.14908450842,41695.06527969241,42657.69960722327,43790.331920057535,44870.06668883562,45950.00369814038,47038.43608084321,48180.494634866714,49367.14364284277,50567.69898378849,51818.52058571577
Mpumudde Division,24872.491854071617,27049.350724220276,27384.713808834553,28016.98216843605,28412.70084708929,28859.788239479065,29377.07588237524,29882.901554584503,30402.340808033943,30809.895933270454,31229.941046833992,31586.890719890594,32127.766485333443,32696.32605099678,33460.770248651505,33823.61350774765,34388.627237439156,34936.425356030464,35496.67987883091,36025.825466513634,36670.14089071751
Mpunge,10876.480013728142,11159.876698940992,11452.635838866234,11742.440092265606,12080.09506893158,12436.530651390553,12762.214266061783,13086.75724735856,13500.307658791542,13817.142839729786,14232.537760913372,14611.123159050941,15012.606794595718,15488.82179427147,16031.877471089363,16542.783386051655,17039.974289417267,17524.83487546444,18025.03322583437,18519.695453345776,19054.073403716087
Muduuma,21303.486609876156,21990.995061695576,22567.215239465237,23111.207245379686,23647.87478750944,24277.72759670019,24886.72732514143,25624.265702217817,26269.27781572938,26897.231740653515,27512.313507169485,28181.375701338053,28904.084781318903,29803.480933636427,30623.95046019554,31415.01970809698,32193.460802435875,33019.44651710987,33900.658679664135,34734.36146068573,35656.37788116932
Nabbaale,26047.158919870853,27301.271040320396,28002.49529606104,28919.541609108448,29591.80148369074,30453.29653120041,31458.756022572517,31987.283412218094,32979.5924500227,33849.82088333368,34811.888998150826,35796.77263653278,36779.55702805519,37778.78173112869,38842.9601162076,40009.53131073713,41086.812645852566,42279.12909466028,43490.53883469105,44705.154056727886,46023.312721312046
Nabweru Division,43235.98862862587,46114.282589673996,49184.26138007641,52746.93805766106,56257.93813228607,60072.26606166363,64089.43663704395,68850.64128088951,73217.91792368889,78250.9016494751,83558.56125712395,89092.30046701431,95276.6481385231,101522.8930106163,108339.24912881851,115625.35181736946,123225.84940361977,131644.64700484276,140399.09619998932,149740.68893003464,160054.96552085876
Nagojje,23894.108620598912,24660.262349382043,25292.047925263643,26137.934164375067,26794.75989302993,27577.49925981462,28407.580920532346,29109.6960734725,30013.448492988944,30860.672065138817,31769.784568712115,32647.017923370004,33674.64411436021,34563.315596312284,35590.66631940007,36658.6162712276,37794.441960603,38860.062730014324,39973.52182587981,41150.598303586245,42342.42777970433
Najjembe Division,25864.51778499782,26538.762210696936,27053.691347792745,27503.867324396968,28109.08504165709,28628.49070097506,29293.748858720064,29882.572075024247,30506.808793351054,31105.513469427824,31883.904095605016,32401.776485145092,33011.02119034529,33795.01880028844,34436.50427976251,35062.96627295017,35946.295196682215,36728.24071288109,37539.93671748042,38269.44261968136,39065.98855561018
Nakawa Division,243357.72447824478,247986.27436089516,252929.9000606537,257935.5590133667,263247.66449546814,268980.04888677597,274629.1912651062,279905.51924180984,285525.7773947716,291159.9834923744,296756.82962942123,303086.46739816666,308754.069375515,315069.0572795868,322009.02799510956,328433.8647670746,334940.89364767075,342190.8399400711,349538.1371912956,356313.32587242126,364159.22273111343
Nakisunga,32412.115548938513,33383.68235450983,34321.73425215483,35178.940865933895,36246.83851221204,37228.31651726365,38358.95064625144,39321.07733017206,40495.0615773201,41699.126416265965,42925.63806325197,44228.93078881502,45423.18719494343,46837.141443669796,48368.4684125185,49845.83201378584,51253.127004146576,52722.36174148321,54246.88262206316,55855.7771538496,57447.421952188015
Nama,36944.85795903206,38104.17707669735,39336.98750662804,40474.77965837717,41885.72860240936,43231.15292841196,44491.20209491253,45770.897096931934,47025.91395902634,48397.6173902154,49884.966575324535,51352.73228532076,52818.14579838514,54555.44031649828,56054.00064265728,57558.71085566282,59238.78709304333,61010.59024429321,62845.04332125187,64686.09131217003,66553.7772988081
Namayumba,6953.804058909416,7660.75981849432,8159.04505237937,8729.004438102245,9293.076653212309,9897.633762985468,10572.143729269505,11286.50428789854,12015.582158088684,12819.773631930351,13688.42831915617,14602.962783813477,15563.620978295803,16684.446209788322,17837.62043374777,19043.135050833225,20328.864461541176,21691.19335258007,23140.968656420708,24716.429578900337,26401.217990875244
Namayumba Town Council,6639.544463574886,7111.439895540476,7542.152773171663,8031.250278800726,8560.61591771245,9093.911161631346,9652.31376439333,10271.453803658485,10965.151032626629,11634.046253144741,12379.307311713696,13176.163596212864,14038.203932285309,14968.028371989727,15973.023617684841,17072.989016890526,18138.25303429365,19344.071393549442,20621.465046942234,21965.740713477135,23410.1082020998
Namugongo Division,49946.04155540466,53604.47863173485,56753.71587514877,62901.26602244377,67773.09801340103,72288.92382359505,75817.76816987991,80877.24047899246,85373.2270655632,87572.55719900131,92382.60708808899,97127.40641927719,103679.42613983154,107503.68143177032,112501.21253108978,119154.78598833084,128491.48656749725,135649.59915685654,141546.42136144638,152715.10834503174,159106.01064300537
Nansana Division,69563.1963186264,73196.06309461594,77315.80283689499,81917.88171863556,87099.4197807312,92408.50168323517,98179.22207450867,104484.75023365021,110713.01461029053,117741.52634334564,124990.62835788727,132454.29384613037,140623.01390361786,149607.36623954773,159171.68523597717,169185.73753356934,180152.820022583,191530.28313827515,204029.57562828064,217235.22548103333,231152.28461647034
Ndejje Division,45728.542575895786,48217.97897899151,51780.39354032278,56427.9035782814,60514.71290695667,64140.70955145359,68632.71634280682,73831.28855907917,78624.54487073421,83897.35735726357,87509.91174459457,95815.8539801836,102236.92432558537,106500.29888319969,114500.37025880814,122651.38176560402,131845.87291169167,138426.77677297592,146760.16971993446,157924.84287190437,166899.79554581642
Njeru Division,59446.16695189476,60649.49660587311,61942.9206700325,63165.65448665619,64415.72927856445,65776.81533956528,67087.1888320446,68589.41482162476,69964.81176352501,71379.35375094414,72697.1768913269,74333.4987912178,75960.80471920967,77613.74481225014,79066.73789191246,81133.08207058907,82765.87081289291,84366.13461327553,86127.57442212105,87872.91468858719,89745.58750915527
Nkokonjeru Town Council,6210.197539806366,6476.835828125477,6629.426169872284,6759.569209456444,6895.524339079857,7125.731427907944,7286.426237285137,7406.290266215801,7548.285207271576,7717.584807038307,7846.949837446213,8046.2639627456665,8268.826289176941,8407.203875899315,8542.414561510086,8719.730079174042,8900.713408231735,9063.596173286438,9256.384016156197,9439.343615293503,9638.782633066177
Ntenjeru,28595.81564170122,29398.230529874563,30218.189320772886,31148.90666076541,31927.880094259977,32856.16494515538,33801.62431824207,34792.050166904926,35784.5177552104,36830.11955475807,37830.33853763342,38901.54994997382,40019.49343931675,41246.85142767429,42428.5340295434,43687.46399652958,44956.18392175436,46257.590348780155,47600.49348139763,48952.83925628662,50424.61150372028
Ntunda,9964.387638926506,10797.699298858643,11127.432018116117,11462.68225544691,11792.237382605672,12120.549915105104,12455.419142112136,12768.672379031777,13132.065963208675,13521.842121601105,13934.140270650387,14291.05906972289,14727.465079635382,15135.024008184671,15650.44666031003,16090.571357548237,16596.656401604414,17075.201991140842,17554.059183955193,18077.212263137102,18571.862675070763
Nyenga Division,37425.86890101433,38669.11196279526,39515.540842950344,40451.95334368944,41382.83048570156,42252.534044623375,43044.71523106098,43908.96685421467,44793.060353696346,45941.58277052641,46976.9137802124,47894.10263925791,48851.010814130306,49584.39839220047,50724.69680273533,51476.1004204154,52586.85520672798,53748.70152115822,54872.893678188324,56053.09092414379,57266.69984805584
Nyimbwa,27871.738336145878,28852.722074508667,29569.349304676056,30284.634983956814,30799.471340477467,31530.710860192776,32356.914728343487,33085.21748203039,33863.358859837055,34679.638364613056,35849.277214348316,36643.05429840088,37462.26051950455,38439.36919951439,39402.96904486418,40399.98401117325,41394.01948702335,42529.507333517075,43661.82767659426,44667.44752931595,45861.12405586243
Rubaga Division,279777.5982837677,286654.78992938995,292378.0079164505,297721.8295440674,303952.08078861237,310565.7197961807,316195.4311208725,321937.26951122284,328348.7216491699,334743.2204236984,342323.22628593445,349061.67179107666,356468.25235939026,363335.16725444794,370322.48589134216,378202.916847229,386045.56875133514,393396.31784439087,401649.19358444214,409654.6149482727,417924.0455532074
Semuto,16174.29554182291,16860.2892434299,17369.933707356453,17911.33908265829,18374.75984042883,18991.18656373024,19586.641464054585,20161.159674793482,20688.435948193073,21331.721873939037,21908.73535311222,22616.635263442993,23434.224776148796,24015.662295520306,24814.330625772476,25522.57771205902,26275.846579790115,27127.64927971363,27945.422606945038,28824.15946650505,29762.437257528305
Semuto Town Council,6564.725568115711,6746.657474994659,6953.36300688982,7194.678333938122,7476.999800443649,7637.042445361614,7881.496067762375,8131.659100472927,8487.464561522007,8714.303413510323,9061.056348085403,9298.294196784496,9471.485122978687,9900.19907015562,10287.150525093079,10629.222550868988,10969.385770618916,11251.774831593037,11618.359171330929,11947.365391790867,12338.66140705347
Wakisi Division,29721.771872714162,30903.559179902077,31520.136681362987,32183.147760018706,32838.036774620414,33496.736980095506,34199.1282659322,34876.76662008464,35735.428036391735,36412.73372294009,37221.77918256819,37893.65954294801,38653.74226462841,39606.782869651914,40574.68841251731,41302.94278907776,42187.078181028366,43072.91630578041,43972.68848478794,44948.147034943104,45836.49890193343
Wakiso,73945.6517777443,78958.81668442488,84066.66919392347,89871.23333746195,95757.2340271473,102017.96052777767,109022.57781374454,116698.76260435581,124217.47474968433,132473.71671795845,141185.20961725712,150745.14989960194,160721.5557229519,171072.65311050415,182534.7254679203,194665.6993188858,207861.87483894825,221703.938798666,235808.4980764389,251914.57071781158,268458.5159163475
Wakiso Town Council,22576.644550144672,24042.42907691002,25606.898727178574,27314.061208486557,29320.54392004013,31222.85165154934,33351.215235352516,35464.2868295908,37796.177743792534,40402.38097512722,43143.61243498325,45959.09296011925,49123.01691138744,52723.958755493164,56208.36029839516,59844.596287965775,63774.35985779762,68093.88251256943,72618.58766031265,77322.98347449303,82517.7510547638
